date,base_price_idr,category,competitive_price,competitor_count,category_quantity,total_visitors,monthly_event_days,temperature_celsius,prcp_mm
2009-01-01,4129695,rental,4011512,23,33,174541,1.0,27.49283154121864,286.96829400108084
2009-01-01,2068969,experience,1865854,22,79,174541,1.0,27.49283154121864,286.96829400108084
2009-01-01,1498710,entertainment,1306501,13,22,174541,1.0,27.49283154121864,286.96829400108084
2009-01-01,378799,in_room_service,394060,11,26,174541,1.0,27.49283154121864,286.96829400108084
2009-02-01,663929,rental,650644,17,96,147704,0.0,27.38492063492063,238.48014700054046
2009-02-01,793571,experience,712328,17,63,147704,0.0,27.38492063492063,238.48014700054046
2009-02-01,17860714,entertainment,15975596,24,100,147704,0.0,27.38492063492063,238.48014700054046
2009-02-01,518214,in_room_service,519173,19,97,147704,0.0,27.38492063492063,238.48014700054046
2009-03-01,659664,rental,607259,21,53,168205,2.0,27.693548387096783,145.034
2009-03-01,1124063,experience,1024971,23,32,168205,2.0,27.693548387096783,145.034
2009-03-01,3421935,entertainment,3012648,34,26,168205,2.0,27.693548387096783,145.034
2009-03-01,620654,in_room_service,641354,11,98,168205,2.0,27.693548387096783,145.034
2009-04-01,1052333,rental,1085077,28,70,188776,0.0,28.22037037037037,22.52844100162133
2009-04-01,1347962,experience,1264096,19,27,188776,0.0,28.22037037037037,22.52844100162133
2009-04-01,3738000,entertainment,3185465,29,38,188776,0.0,28.22037037037037,22.52844100162133
2009-04-01,677133,in_room_service,630845,15,87,188776,0.0,28.22037037037037,22.52844100162133
2009-05-01,992091,rental,964655,17,78,190803,2.0,27.68333333333333,68.80814700054044
2009-05-01,426511,experience,438518,13,65,190803,2.0,27.68333333333333,68.80814700054044
2009-05-01,10812000,entertainment,9317068,39,60,190803,2.0,27.68333333333333,68.80814700054044
2009-05-01,455456,in_room_service,434656,12,61,190803,2.0,27.68333333333333,68.80814700054044
2009-06-01,1092299,rental,1112777,25,59,200566,23.0,27.027777777777782,2.032
2009-06-01,3339430,experience,2683422,18,22,200566,23.0,27.027777777777782,2.032
2009-06-01,14514000,entertainment,14795608,19,35,200566,23.0,27.027777777777782,2.032
2009-06-01,611402,in_room_service,596171,19,58,200566,23.0,27.027777777777782,2.032
2009-07-01,1074460,rental,993667,11,51,235198,10.0,26.5268817204301,21.284294001080884
2009-07-01,1282161,experience,1343999,32,37,235198,10.0,26.5268817204301,21.284294001080884
2009-07-01,869444,entertainment,727740,37,92,235198,10.0,26.5268817204301,21.284294001080884
2009-07-01,707948,in_room_service,653427,13,56,235198,10.0,26.5268817204301,21.284294001080884
2009-08-01,3413548,rental,3302540,16,80,232255,1.0,26.408602150537632,6.552294001080886
2009-08-01,2788610,experience,2288771,15,78,232255,1.0,26.408602150537632,6.552294001080886
2009-08-01,12120000,entertainment,9979276,16,60,232255,1.0,26.408602150537632,6.552294001080886
2009-08-01,510555,in_room_service,508052,8,27,232255,1.0,26.408602150537632,6.552294001080886
2009-09-01,791542,rental,756824,20,92,218443,0.0,26.462962962962965,23.772588002161772
2009-09-01,1204454,experience,1249991,22,56,218443,0.0,26.462962962962965,23.772588002161772
2009-09-01,3666667,entertainment,3165148,28,84,218443,0.0,26.462962962962965,23.772588002161772
2009-09-01,665042,in_room_service,630592,19,30,218443,0.0,26.462962962962965,23.772588002161772
2009-10-01,758663,rental,793988,27,72,221282,0.0,27.32616487455197,2.032
2009-10-01,1363645,experience,1337344,16,48,221282,0.0,27.32616487455197,2.032
2009-10-01,3940403,entertainment,3983847,20,50,221282,0.0,27.32616487455197,2.032
2009-10-01,497347,in_room_service,486134,10,24,221282,0.0,27.32616487455197,2.032
2009-11-01,2438883,rental,2416566,21,29,184803,0.0,28.520370370370365,6.35
2009-11-01,981383,experience,805454,30,89,184803,0.0,28.520370370370365,6.35
2009-11-01,10600000,entertainment,10916529,14,20,184803,0.0,28.520370370370365,6.35
2009-11-01,640858,in_room_service,650878,5,39,184803,0.0,28.520370370370365,6.35
2009-12-01,1120226,rental,1098810,14,64,222546,12.0,28.500000000000007,141.57688200324264
2009-12-01,852465,experience,771658,32,21,222546,12.0,28.500000000000007,141.57688200324264
2009-12-01,993548,entertainment,1036261,25,78,222546,12.0,28.500000000000007,141.57688200324264
2009-12-01,502239,in_room_service,495028,13,61,222546,12.0,28.500000000000007,141.57688200324264
2010-01-01,696525,rental,635474,10,28,179273,1.0,28.215053763440867,78.66244100162133
2010-01-01,642946,experience,576615,14,24,179273,1.0,28.215053763440867,78.66244100162133
2010-01-01,3001166,entertainment,3102140,26,41,179273,1.0,28.215053763440867,78.66244100162133
2010-01-01,378799,in_room_service,389914,20,62,179273,1.0,28.215053763440867,78.66244100162133
2010-02-01,1555125,rental,1499705,21,48,191926,0.0,28.261904761904766,184.60629400108087
2010-02-01,1039500,experience,919577,13,50,191926,0.0,28.261904761904766,184.60629400108087
2010-02-01,18753750,entertainment,19343100,33,96,191926,0.0,28.261904761904766,184.60629400108087
2010-02-01,379125,in_room_service,381790,7,57,191926,0.0,28.261904761904766,184.60629400108087
2010-03-01,1154104,rental,1143805,26,62,192579,2.0,28.698924731182792,107.94999999999999
2010-03-01,2452837,experience,2338584,21,64,192579,2.0,28.698924731182792,107.94999999999999
2010-03-01,10660645,entertainment,10208735,29,53,192579,2.0,28.698924731182792,107.94999999999999
2010-03-01,449080,in_room_service,434034,6,55,192579,2.0,28.698924731182792,107.94999999999999
2010-04-01,875325,rental,804250,19,77,184907,0.0,28.111111111111107,229.10799999999998
2010-04-01,2070750,experience,1980567,12,60,184907,0.0,28.111111111111107,229.10799999999998
2010-04-01,9000000,entertainment,8613205,13,23,184907,0.0,28.111111111111107,229.10799999999998
2010-04-01,544125,in_room_service,502951,15,70,184907,0.0,28.111111111111107,229.10799999999998
2010-05-01,2361991,rental,2169068,27,34,203388,2.0,28.274193548387093,66.72444100162132
2010-05-01,1185701,experience,1046840,19,36,203388,2.0,28.274193548387093,66.72444100162132
2010-05-01,21391374,entertainment,17321395,34,98,203388,2.0,28.274193548387093,66.72444100162132
2010-05-01,620654,in_room_service,641998,20,54,203388,2.0,28.274193548387093,66.72444100162132
2010-06-01,1081611,rental,1006596,22,75,228045,23.0,27.631481481481483,85.03829400108089
2010-06-01,1207102,experience,1262442,16,66,228045,23.0,27.631481481481483,85.03829400108089
2010-06-01,27167932,entertainment,25779579,40,35,228045,23.0,27.631481481481483,85.03829400108089
2010-06-01,549226,in_room_service,542828,10,55,228045,23.0,27.631481481481483,85.03829400108089
2010-07-01,831699,rental,757730,16,63,254907,10.0,27.05197132616487,69.29029400108088
2010-07-01,732245,experience,764585,35,29,254907,10.0,27.05197132616487,69.29029400108088
2010-07-01,1987097,entertainment,1652812,40,47,254907,10.0,27.05197132616487,69.29029400108088
2010-07-01,338303,in_room_service,328527,16,53,254907,10.0,27.05197132616487,69.29029400108088
2010-08-01,2161074,rental,2114820,24,63,243154,1.0,27.001792114695334,14.680294001080886
2010-08-01,1354703,experience,1291563,31,63,243154,1.0,27.001792114695334,14.680294001080886
2010-08-01,870881,entertainment,904778,15,35,243154,1.0,27.001792114695334,14.680294001080886
2010-08-01,709118,in_room_service,648186,13,72,243154,1.0,27.001792114695334,14.680294001080886
2010-09-01,796400,rental,747081,23,99,240947,0.0,27.409259259259255,295.88414700054045
2010-09-01,638000,experience,524641,25,83,240947,0.0,27.409259259259255,295.88414700054045
2010-09-01,9600000,entertainment,8026297,21,97,240947,0.0,27.409259259259255,295.88414700054045
2010-09-01,272400,in_room_service,256609,6,57,240947,0.0,27.409259259259255,295.88414700054045
2010-10-01,1165335,rental,1172235,10,82,229904,0.0,27.741935483870968,172.64244100162134
2010-10-01,1050677,experience,859904,33,78,229904,0.0,27.741935483870968,172.64244100162134
2010-10-01,1516129,entertainment,1277281,15,88,229904,0.0,27.741935483870968,172.64244100162134
2010-10-01,549976,in_room_service,555362,17,77,229904,0.0,27.741935483870968,172.64244100162134
2010-11-01,790075,rental,787104,18,40,199861,0.0,28.042592592592598,88.28858800216177
2010-11-01,827475,experience,770602,24,79,199861,0.0,28.042592592592598,88.28858800216177
2010-11-01,10200000,entertainment,10398424,22,20,199861,0.0,28.042592592592598,88.28858800216177
2010-11-01,616675,in_room_service,559635,11,73,199861,0.0,28.042592592592598,88.28858800216177
2010-12-01,388101,rental,367486,19,62,227251,12.0,27.55185185185185,363.37058800216175
2010-12-01,2113085,experience,1749671,35,62,227251,12.0,27.55185185185185,363.37058800216175
2010-12-01,1534493,entertainment,1607354,27,53,227251,12.0,27.55185185185185,363.37058800216175
2010-12-01,260596,in_room_service,242869,14,34,227251,12.0,27.55185185185185,363.37058800216175
2011-01-01,1512752,rental,1496652,9,77,209093,1.0,27.29390681003584,275.2584410016213
2011-01-01,760139,experience,707468,12,75,209093,1.0,27.29390681003584,275.2584410016213
2011-01-01,342097,entertainment,347975,36,65,209093,1.0,27.29390681003584,275.2584410016213
2011-01-01,232968,in_room_service,231147,11,76,209093,1.0,27.29390681003584,275.2584410016213
2011-02-01,1618768,rental,1468166,11,73,207195,0.0,27.634920634920636,239.21629400108088
2011-02-01,539589,experience,561217,34,59,207195,0.0,27.634920634920636,239.21629400108088
2011-02-01,8785714,entertainment,7420007,36,37,207195,0.0,27.634920634920636,239.21629400108088
2011-02-01,249295,in_room_service,228879,18,27,207195,0.0,27.634920634920636,239.21629400108088
2011-03-01,1048889,rental,1040535,28,25,207907,2.0,27.406810035842298,183.3362940010809
2011-03-01,736720,experience,727045,21,97,207907,2.0,27.406810035842298,183.3362940010809
2011-03-01,1517332,entertainment,1318733,35,48,207907,2.0,27.406810035842298,183.3362940010809
2011-03-01,382549,in_room_service,400622,10,63,207907,2.0,27.406810035842298,183.3362940010809
2011-04-01,697125,rental,653986,12,74,224704,0.0,27.194444444444443,235.3804410016213
2011-04-01,730125,experience,733771,34,97,224704,0.0,27.194444444444443,235.3804410016213
2011-04-01,18753750,entertainment,18421261,25,25,224704,0.0,27.194444444444443,235.3804410016213
2011-04-01,255375,in_room_service,261010,16,84,224704,0.0,27.194444444444443,235.3804410016213
2011-05-01,1056037,rental,1056723,20,90,209058,2.0,27.543010752688172,50.16273500270221
2011-05-01,1306809,experience,1102212,25,26,209058,2.0,27.543010752688172,50.16273500270221
2011-05-01,10858065,entertainment,10433036,19,94,209058,2.0,27.543010752688172,50.16273500270221
2011-05-01,656460,in_room_service,622024,14,57,209058,2.0,27.543010752688172,50.16273500270221
2011-06-01,839762,rental,779971,17,50,245652,23.0,26.185185185185187,18.744294001080885
2011-06-01,1591128,experience,1389509,26,56,245652,23.0,26.185185185185187,18.744294001080885
2011-06-01,28705740,entertainment,26899834,37,43,245652,23.0,26.185185185185187,18.744294001080885
2011-06-01,580314,in_room_service,580130,12,59,245652,23.0,26.185185185185187,18.744294001080885
2011-07-01,2986482,rental,2718254,25,72,283524,10.0,25.881481481481476,18.490294001080887
2011-07-01,862629,experience,905567,13,36,283524,10.0,25.881481481481476,18.490294001080887
2011-07-01,12980000,entertainment,13462193,33,97,283524,10.0,25.881481481481476,18.490294001080887
2011-07-01,546782,in_room_service,570921,15,23,283524,10.0,25.881481481481476,18.490294001080887
2011-10-01,931274,rental,974901,13,48,247565,0.0,27.021505376344084,22.046294001080888
2011-10-01,802645,experience,744436,11,62,247565,0.0,27.021505376344084,22.046294001080888
2011-10-01,11225806,entertainment,9821820,34,34,247565,0.0,27.021505376344084,22.046294001080888
2011-10-01,678694,in_room_service,693515,19,93,247565,0.0,27.021505376344084,22.046294001080888
2011-11-01,676408,rental,672316,27,61,221603,0.0,27.668518518518518,103.83429400108088
2011-11-01,1085700,experience,1090996,15,91,221603,0.0,27.668518518518518,103.83429400108088
2011-11-01,9400000,entertainment,9623588,40,34,221603,0.0,27.668518518518518,103.83429400108088
2011-11-01,568308,in_room_service,543073,20,91,221603,0.0,27.668518518518518,103.83429400108088
2011-12-01,607853,rental,565911,9,25,253591,12.0,27.897849462365585,129.13088200324265
2011-12-01,1151721,experience,1191791,25,63,253591,12.0,27.897849462365585,129.13088200324265
2011-12-01,3328026,entertainment,3426215,23,35,253591,12.0,27.897849462365585,129.13088200324265
2011-12-01,420054,in_room_service,383359,14,99,253591,12.0,27.897849462365585,129.13088200324265
2012-01-01,620816,rental,626674,26,67,253286,1.0,27.315412186379923,360.8564410016213
2012-01-01,925714,experience,851886,11,80,253286,1.0,27.315412186379923,360.8564410016213
2012-01-01,8014839,entertainment,8216627,16,85,253286,1.0,27.315412186379923,360.8564410016213
2012-01-01,337625,in_room_service,335710,20,70,253286,1.0,27.315412186379923,360.8564410016213
2012-02-01,611562,rental,633871,13,76,225993,0.0,27.519157088122604,204.9262940010809
2012-02-01,1145436,experience,957343,13,90,225993,0.0,27.519157088122604,204.9262940010809
2012-02-01,3172414,entertainment,3040850,36,68,225993,0.0,27.519157088122604,204.9262940010809
2012-02-01,575397,in_room_service,521423,12,59,225993,0.0,27.519157088122604,204.9262940010809
2012-03-01,653674,rental,618929,27,57,230957,2.0,27.25985663082437,357.88599999999997
2012-03-01,974167,experience,789994,23,57,230957,2.0,27.25985663082437,357.88599999999997
2012-03-01,8094194,entertainment,7851570,20,48,230957,2.0,27.25985663082437,357.88599999999997
2012-03-01,489361,in_room_service,454043,14,58,230957,2.0,27.25985663082437,357.88599999999997
2012-04-01,898517,rental,932606,8,94,225488,0.0,27.670370370370367,8.356147000540442
2012-04-01,712433,experience,634087,34,30,225488,0.0,27.670370370370367,8.356147000540442
2012-04-01,11600000,entertainment,11128264,13,65,225488,0.0,27.670370370370367,8.356147000540442
2012-04-01,701317,in_room_service,691007,6,76,225488,0.0,27.670370370370367,8.356147000540442
2012-05-01,2036973,rental,1923619,11,88,220700,2.0,27.33870967741935,99.28814700054043
2012-05-01,400301,experience,392480,16,84,220700,2.0,27.33870967741935,99.28814700054043
2012-05-01,11055484,entertainment,11214601,30,64,220700,2.0,27.33870967741935,99.28814700054043
2012-05-01,668396,in_room_service,660450,6,76,220700,2.0,27.33870967741935,99.28814700054043
2012-06-01,791505,rental,794654,22,57,244080,23.0,26.34444444444445,6.552294001080886
2012-06-01,1776421,experience,1852435,13,22,244080,23.0,26.34444444444445,6.552294001080886
2012-06-01,14760000,entertainment,11966161,23,20,244080,23.0,26.34444444444445,6.552294001080886
2012-06-01,892365,in_room_service,907154,9,60,244080,23.0,26.34444444444445,6.552294001080886
2012-07-01,1152603,rental,1157180,17,57,271512,10.0,25.770609318996417,20.522294001080883
2012-07-01,1450829,experience,1407038,28,25,271512,10.0,25.770609318996417,20.522294001080883
2012-07-01,26174589,entertainment,26891722,36,70,271512,10.0,25.770609318996417,20.522294001080883
2012-07-01,356427,in_room_service,323069,6,85,271512,10.0,25.770609318996417,20.522294001080883
2012-08-01,1094174,rental,1029398,23,27,254079,1.0,25.664874551971323,3.530147000540443
2012-08-01,694106,experience,606651,14,45,254079,1.0,25.664874551971323,3.530147000540443
2012-08-01,11924516,entertainment,11370197,37,93,254079,1.0,25.664874551971323,3.530147000540443
2012-08-01,720936,in_room_service,677224,16,72,254079,1.0,25.664874551971323,3.530147000540443
2012-09-01,978908,rental,902637,17,47,257363,0.0,26.290740740740734,4.292147000540443
2012-09-01,784208,experience,723371,26,20,257363,0.0,26.290740740740734,4.292147000540443
2012-09-01,24588250,entertainment,23191655,30,88,257363,0.0,26.290740740740734,4.292147000540443
2012-09-01,334825,in_room_service,326591,13,26,257363,0.0,26.290740740740734,4.292147000540443
2012-10-01,979444,rental,882380,12,58,255021,0.0,27.72759856630824,9.398
2012-10-01,1292757,experience,1097070,32,92,255021,0.0,27.72759856630824,9.398
2012-10-01,983871,entertainment,971670,27,78,255021,0.0,27.72759856630824,9.398
2012-10-01,713798,in_room_service,655103,5,95,255021,0.0,27.72759856630824,9.398
2012-11-01,767342,rental,704240,11,64,242781,0.0,28.442592592592593,53.82214700054043
2012-11-01,2530917,experience,2475768,18,85,242781,0.0,28.442592592592593,53.82214700054043
2012-11-01,413417,entertainment,380688,33,100,242781,0.0,28.442592592592593,53.82214700054043
2012-11-01,665042,in_room_service,677704,6,48,242781,0.0,28.442592592592593,53.82214700054043
2012-12-01,275561,rental,286338,18,29,268072,12.0,28.066308243727594,109.65044100162132
2012-12-01,1020642,experience,862799,35,80,268072,12.0,28.066308243727594,109.65044100162132
2012-12-01,692106,entertainment,601245,18,73,268072,12.0,28.066308243727594,109.65044100162132
2012-12-01,392659,in_room_service,410838,8,28,268072,12.0,28.066308243727594,109.65044100162132
2013-01-01,575390,rental,555093,16,72,232935,1.0,27.754480286738346,368.7821470005404
2013-01-01,894034,experience,928685,25,50,232935,1.0,27.754480286738346,368.7821470005404
2013-01-01,15478902,entertainment,14971710,25,37,232935,1.0,27.754480286738346,368.7821470005404
2013-01-01,210780,in_room_service,190576,13,89,232935,1.0,27.754480286738346,368.7821470005404
2013-02-01,4330071,rental,4530203,23,49,241868,0.0,28.26388888888889,181.864
2013-02-01,579071,experience,579569,32,91,241868,0.0,28.26388888888889,181.864
2013-02-01,700071,entertainment,645040,33,42,241868,0.0,28.26388888888889,181.864
2013-02-01,570036,in_room_service,520053,14,31,241868,0.0,28.26388888888889,181.864
2013-03-01,994038,rental,926136,20,67,252210,2.0,28.06272401433692,91.13429400108089
2013-03-01,784767,experience,649261,11,51,252210,2.0,28.06272401433692,91.13429400108089
2013-03-01,9673548,entertainment,10079893,20,54,252210,2.0,28.06272401433692,91.13429400108089
2013-03-01,274487,in_room_service,263371,20,75,252210,2.0,28.06272401433692,91.13429400108089
2013-04-01,447938,rental,403829,18,30,242369,0.0,28.307407407407407,64.46429400108089
2013-04-01,1224300,experience,1055234,14,76,242369,0.0,28.307407407407407,64.46429400108089
2013-04-01,3533333,entertainment,3644072,24,84,242369,0.0,28.307407407407407,64.46429400108089
2013-04-01,446525,in_room_service,409896,6,78,242369,0.0,28.307407407407407,64.46429400108089
2013-05-01,656370,rental,683699,10,63,247972,2.0,27.926523297491045,36.037617005944874
2013-05-01,1413720,experience,1279163,25,86,247972,2.0,27.926523297491045,36.037617005944874
2013-05-01,1127610,entertainment,1062712,28,96,247972,2.0,27.926523297491045,36.037617005944874
2013-05-01,515610,in_room_service,519548,16,42,247972,2.0,27.926523297491045,36.037617005944874
2013-06-01,3396030,rental,3456033,9,39,275667,23.0,27.864814814814814,22.9330290037831
2013-06-01,1704780,experience,1691806,17,27,275667,23.0,27.864814814814814,22.9330290037831
2013-06-01,14760000,entertainment,14622044,33,20,275667,23.0,27.864814814814814,22.9330290037831
2013-06-01,621765,in_room_service,623636,20,99,275667,23.0,27.864814814814814,22.9330290037831
2013-07-01,1138610,rental,1070808,11,40,297878,10.0,27.03703703703704,29.485323004863986
2013-07-01,943800,experience,760932,16,22,297878,10.0,27.03703703703704,29.485323004863986
2013-07-01,980100,entertainment,957126,29,35,297878,10.0,27.03703703703704,29.485323004863986
2013-07-01,798050,in_room_service,823896,18,93,297878,10.0,27.03703703703704,29.485323004863986
2013-08-01,1005455,rental,935170,12,41,309219,1.0,26.392473118279568,16.380735002702217
2013-08-01,1399860,experience,1217946,28,89,309219,1.0,26.392473118279568,16.380735002702217
2013-08-01,12120000,entertainment,9741719,33,36,309219,1.0,26.392473118279568,16.380735002702217
2013-08-01,510555,in_room_service,470358,18,58,309219,1.0,26.392473118279568,16.380735002702217
2013-09-01,969100,rental,966559,9,99,305629,0.0,26.549999999999997,13.104588002161773
2013-09-01,1444245,experience,1178469,27,86,305629,0.0,26.549999999999997,13.104588002161773
2013-09-01,12000000,entertainment,10176107,20,60,305629,0.0,26.549999999999997,13.104588002161773
2013-09-01,340500,in_room_service,327867,7,56,305629,0.0,26.549999999999997,13.104588002161773
2013-11-01,2211000,rental,2242278,20,36,307276,0.0,27.809259259259257,39.31376400648532
2013-11-01,2761000,experience,2341134,14,63,307276,0.0,27.809259259259257,39.31376400648532
2013-11-01,4005000,entertainment,3555800,31,58,307276,0.0,27.809259259259257,39.31376400648532
2013-11-01,505500,in_room_service,513029,9,56,307276,0.0,27.809259259259257,39.31376400648532
2013-12-01,1085392,rental,1123022,27,86,299013,12.0,27.43010752688172,65.52294001080887
2013-12-01,1244320,experience,1184269,24,49,299013,12.0,27.43010752688172,65.52294001080887
2013-12-01,2240000,entertainment,2081818,18,65,299013,12.0,27.43010752688172,65.52294001080887
2013-12-01,812560,in_room_service,735641,15,66,299013,12.0,27.43010752688172,65.52294001080887
2014-01-01,753688,rental,769384,16,99,279257,1.0,27.71505376344086,64.78679301026843
2014-01-01,682727,experience,582918,11,82,279257,1.0,27.71505376344086,64.78679301026843
2014-01-01,11729032,entertainment,10159009,36,45,279257,1.0,27.71505376344086,64.78679301026843
2014-01-01,709118,in_room_service,739314,20,68,279257,1.0,27.71505376344086,64.78679301026843
2014-02-01,837100,rental,855627,15,60,275795,0.0,27.650793650793652,65.52294001080887
2014-02-01,973500,experience,842315,34,70,275795,0.0,27.650793650793652,65.52294001080887
2014-02-01,12000000,entertainment,12024517,38,67,275795,0.0,27.650793650793652,65.52294001080887
2014-02-01,505500,in_room_service,516532,20,75,275795,0.0,27.650793650793652,65.52294001080887
2014-03-01,517242,rental,503352,12,86,276573,2.0,28.059139784946233,16.380735002702217
2014-03-01,712470,experience,612751,27,76,276573,2.0,28.059139784946233,16.380735002702217
2014-03-01,1688610,entertainment,1441880,14,39,276573,2.0,28.059139784946233,16.380735002702217
2014-03-01,740010,in_room_service,761366,17,87,276573,2.0,28.059139784946233,16.380735002702217
2014-04-01,1035100,rental,978532,10,76,280096,0.0,28.21666666666666,22.9330290037831
2014-04-01,2761000,experience,2610587,22,49,280096,0.0,28.21666666666666,22.9330290037831
2014-04-01,2005000,entertainment,1737190,12,100,280096,0.0,28.21666666666666,22.9330290037831
2014-04-01,340500,in_room_service,357399,11,73,280096,0.0,28.21666666666666,22.9330290037831
2014-05-01,1413720,rental,1295753,13,73,286033,2.0,28.462365591397845,19.656882003242657
2014-05-01,2816220,experience,2832509,16,94,286033,2.0,28.462365591397845,19.656882003242657
2014-05-01,25505100,entertainment,20934144,19,39,286033,2.0,28.462365591397845,19.656882003242657
2014-05-01,740010,in_room_service,731727,7,29,286033,2.0,28.462365591397845,19.656882003242657
2014-06-01,6665554,rental,6245128,21,92,330396,23.0,27.68703703703703,6.806294001080886
2014-06-01,1746814,experience,1682870,27,77,330396,23.0,27.68703703703703,6.806294001080886
2014-06-01,14514000,entertainment,12193607,32,95,330396,23.0,27.68703703703703,6.806294001080886
2014-06-01,877492,in_room_service,804994,6,61,330396,23.0,27.68703703703703,6.806294001080886
2014-07-01,820848,rental,824368,17,63,361066,10.0,26.620071684587817,16.15258800216177
2014-07-01,1182677,experience,1180034,35,35,361066,10.0,26.620071684587817,16.15258800216177
2014-07-01,12774194,entertainment,12065290,28,23,361066,10.0,26.620071684587817,16.15258800216177
2014-07-01,538113,in_room_service,503100,13,87,361066,10.0,26.620071684587817,16.15258800216177
2014-08-01,779492,rental,743620,21,27,336763,1.0,26.451612903225808,5.08
2014-08-01,424689,experience,440852,17,64,336763,1.0,26.451612903225808,5.08
2014-08-01,977419,entertainment,827876,22,91,336763,1.0,26.451612903225808,5.08
2014-08-01,494085,in_room_service,474038,17,85,336763,1.0,26.451612903225808,5.08
2014-10-01,5422113,rental,5357070,24,46,341651,0.0,27.632616487455195,0.254
2014-10-01,725113,experience,707626,33,44,341651,0.0,27.632616487455195,0.254
2014-10-01,11806452,entertainment,10613955,12,23,341651,0.0,27.632616487455195,0.254
2014-10-01,713798,in_room_service,726927,10,80,341651,0.0,27.632616487455195,0.254
2014-11-01,2346850,rental,2429639,19,58,296876,0.0,28.77407407407408,144.75414700054046
2014-11-01,1227608,experience,1258257,15,71,296876,0.0,28.77407407407408,144.75414700054046
2014-11-01,21254250,entertainment,17154428,39,50,296876,0.0,28.77407407407408,144.75414700054046
2014-11-01,289425,in_room_service,263026,20,27,296876,0.0,28.77407407407408,144.75414700054046
2014-12-01,409044,rental,417727,25,71,347370,12.0,27.80286738351255,345.66814700054044
2014-12-01,662697,experience,546074,33,65,347370,12.0,27.80286738351255,345.66814700054044
2014-12-01,3328026,entertainment,2850665,19,71,347370,12.0,27.80286738351255,345.66814700054044
2014-12-01,602867,in_room_service,618250,6,57,347370,12.0,27.80286738351255,345.66814700054044
2015-01-01,1844081,rental,1761708,10,66,301748,1.0,27.930107526881724,166.3182940010809
2015-01-01,877591,experience,783053,28,29,301748,1.0,27.930107526881724,166.3182940010809
2015-01-01,8014839,entertainment,6475696,20,30,301748,1.0,27.930107526881724,166.3182940010809
2015-01-01,337625,in_room_service,320964,12,34,301748,1.0,27.930107526881724,166.3182940010809
2015-02-01,4133250,rental,3843828,16,100,338991,0.0,27.867063492063494,142.72214700054045
2015-02-01,2070750,experience,1703432,33,89,338991,0.0,27.867063492063494,142.72214700054045
2015-02-01,9000000,entertainment,8623881,21,84,338991,0.0,27.867063492063494,142.72214700054045
2015-02-01,379125,in_room_service,343076,15,97,338991,0.0,27.867063492063494,142.72214700054045
2015-03-01,4351912,rental,4250864,16,98,305272,2.0,27.95519713261649,168.88414700054042
2015-03-01,1094493,experience,1075165,33,72,305272,2.0,27.95519713261649,168.88414700054042
2015-03-01,3158710,entertainment,3298804,31,51,305272,2.0,27.95519713261649,168.88414700054042
2015-03-01,572911,in_room_service,570909,7,100,305272,2.0,27.95519713261649,168.88414700054042
2015-04-01,807583,rental,804095,8,89,313763,0.0,28.218518518518522,58.90214700054044
2015-04-01,2300833,experience,1987128,26,26,313763,0.0,28.218518518518522,58.90214700054044
2015-04-01,20837500,entertainment,19308111,12,42,313763,0.0,28.218518518518522,58.90214700054044
2015-04-01,283750,in_room_service,274779,5,79,313763,0.0,28.218518518518522,58.90214700054044
2015-05-01,795534,rental,814489,11,43,295973,2.0,27.37096774193549,30.708147000540443
2015-05-01,643521,experience,546842,18,78,295973,2.0,27.37096774193549,30.708147000540443
2015-05-01,1842581,entertainment,1781052,19,55,295973,2.0,27.37096774193549,30.708147000540443
2015-05-01,668396,in_room_service,625916,5,32,295973,2.0,27.37096774193549,30.708147000540443
2015-06-01,1704780,rental,1719617,18,68,359702,23.0,27.042592592592598,3.276147000540443
2015-06-01,1197405,experience,961297,27,43,359702,23.0,27.042592592592598,3.276147000540443
2015-06-01,14760000,entertainment,12835293,20,87,359702,23.0,27.042592592592598,3.276147000540443
2015-06-01,621765,in_room_service,651379,7,43,359702,23.0,27.042592592592598,3.276147000540443
2015-08-01,778811,rental,816096,17,33,303621,1.0,26.04121863799283,6.552294001080886
2015-08-01,2788610,experience,2396926,26,73,303621,1.0,26.04121863799283,6.552294001080886
2015-08-01,12120000,entertainment,10598243,36,46,303621,1.0,26.04121863799283,6.552294001080886
2015-08-01,732755,in_room_service,664201,14,55,303621,1.0,26.04121863799283,6.552294001080886
2015-11-01,2668967,rental,2448205,9,75,270935,0.0,28.955555555555552,4.826
2015-11-01,1396104,experience,1173774,28,97,270935,0.0,28.955555555555552,4.826
2015-11-01,3866667,entertainment,3215117,36,98,270935,0.0,28.955555555555552,4.826
2015-11-01,701317,in_room_service,733482,20,40,270935,0.0,28.955555555555552,4.826
2015-12-01,448865,rental,436984,14,41,370640,12.0,28.79569892473119,161.77214700054043
2015-12-01,618285,experience,624412,11,24,370640,12.0,28.79569892473119,161.77214700054043
2015-12-01,22133458,entertainment,19114937,24,23,370640,12.0,28.79569892473119,161.77214700054043
2015-12-01,642185,in_room_service,583801,17,50,370640,12.0,28.79569892473119,161.77214700054043
2016-01-01,2383812,rental,2175022,22,52,350592,1.0,29.120071684587817,113.28399999999999
2016-01-01,1134447,experience,1179799,28,78,350592,1.0,29.120071684587817,113.28399999999999
2016-01-01,10360645,entertainment,9279329,18,49,350592,1.0,29.120071684587817,113.28399999999999
2016-01-01,626387,in_room_service,587281,15,30,350592,1.0,29.120071684587817,113.28399999999999
2016-03-01,682248,rental,710203,21,28,364113,2.0,29.150537634408604,40.386
2016-03-01,630492,experience,518742,17,92,364113,2.0,29.150537634408604,40.386
2016-03-01,10265806,entertainment,10251450,19,69,364113,2.0,29.150537634408604,40.386
2016-03-01,620654,in_room_service,565183,9,28,364113,2.0,29.150537634408604,40.386
2016-04-01,481745,rental,489813,15,85,380767,0.0,29.17962962962963,24.13
2016-04-01,2622950,experience,2161974,25,49,380767,0.0,29.17962962962963,24.13
2016-04-01,23754750,entertainment,24145076,38,26,380767,0.0,29.17962962962963,24.13
2016-04-01,689225,in_room_service,645858,9,85,380767,0.0,29.17962962962963,24.13
2016-05-01,2000598,rental,2076923,28,37,394557,2.0,28.849462365591403,31.698294001080885
2016-05-01,776352,experience,625524,13,34,394557,2.0,28.849462365591403,31.698294001080885
2016-05-01,904839,entertainment,932629,26,92,394557,2.0,28.849462365591403,31.698294001080885
2016-05-01,656460,in_room_service,595726,12,83,394557,2.0,28.849462365591403,31.698294001080885
2016-06-01,488591,rental,442117,10,29,405835,23.0,28.272222222222222,174.39458800216175
2016-06-01,710100,experience,704898,24,80,405835,23.0,28.272222222222222,174.39458800216175
2016-06-01,11562000,entertainment,10787987,25,41,405835,23.0,28.272222222222222,174.39458800216175
2016-06-01,699019,in_room_service,637611,13,43,405835,23.0,28.272222222222222,174.39458800216175
2016-07-01,1327877,rental,1305481,26,95,484231,10.0,27.67741935483871,71.32229400108088
2016-07-01,764056,experience,785994,10,78,484231,10.0,27.67741935483871,71.32229400108088
2016-07-01,11496774,entertainment,10977566,12,94,484231,10.0,27.67741935483871,71.32229400108088
2016-07-01,695076,in_room_service,676561,8,38,484231,10.0,27.67741935483871,71.32229400108088
2016-08-01,899856,rental,877780,26,43,438135,1.0,27.213261648745522,18.236294001080886
2016-08-01,1031617,experience,1031142,29,71,438135,1.0,27.213261648745522,18.236294001080886
2016-08-01,23218352,entertainment,20150549,26,93,438135,1.0,27.213261648745522,18.236294001080886
2016-08-01,673662,in_room_service,608702,6,100,438135,1.0,27.213261648745522,18.236294001080886
2016-09-01,587583,rental,605500,8,38,445716,0.0,27.788888888888884,208.0001470005404
2016-09-01,1203538,experience,1257734,13,51,445716,0.0,27.788888888888884,208.0001470005404
2016-09-01,20837500,entertainment,17877657,32,75,445716,0.0,27.788888888888884,208.0001470005404
2016-09-01,604583,in_room_service,628962,16,66,445716,0.0,27.788888888888884,208.0001470005404
2016-10-01,824556,rental,800967,15,46,432215,0.0,28.543010752688176,57.86029400108089
2016-10-01,985565,experience,959807,22,54,432215,0.0,28.543010752688176,57.86029400108089
2016-10-01,10645161,entertainment,8762199,17,31,432215,0.0,28.543010752688176,57.86029400108089
2016-10-01,448427,in_room_service,442016,17,32,432215,0.0,28.543010752688176,57.86029400108089
2016-11-01,1715431,rental,1727593,16,54,413232,0.0,28.362068965517242,160.22229400108088
2016-11-01,1075345,experience,1097279,34,57,413232,0.0,28.362068965517242,160.22229400108088
2016-11-01,9310345,entertainment,7544327,23,51,413232,0.0,28.362068965517242,160.22229400108088
2016-11-01,392198,in_room_service,371434,7,24,413232,0.0,28.362068965517242,160.22229400108088
2016-12-01,1877210,rental,1951367,9,72,442800,12.0,27.862007168458774,185.79873500270222
2016-12-01,2344178,experience,2025917,17,95,442800,12.0,27.862007168458774,185.79873500270222
2016-12-01,10188387,entertainment,9982724,40,85,442800,12.0,27.862007168458774,185.79873500270222
2016-12-01,615973,in_room_service,636711,20,75,442800,12.0,27.862007168458774,185.79873500270222
2017-01-01,2367460,rental,2162059,21,56,460824,1.0,27.83333333333333,185.36829400108087
2017-01-01,516257,experience,477238,21,88,460824,1.0,27.83333333333333,185.36829400108087
2017-01-01,17515599,entertainment,17735671,28,94,460824,1.0,27.83333333333333,185.36829400108087
2017-01-01,508201,in_room_service,479285,20,88,460824,1.0,27.83333333333333,185.36829400108087
2017-02-01,592095,rental,567737,14,47,453985,0.0,27.755952380952383,207.74614700054042
2017-02-01,1108974,experience,891547,27,53,453985,0.0,27.755952380952383,207.74614700054042
2017-02-01,684161,entertainment,596213,21,48,453985,0.0,27.755952380952383,207.74614700054042
2017-02-01,388152,in_room_service,354106,5,58,453985,0.0,27.755952380952383,207.74614700054042
2017-03-01,724504,rental,689648,22,59,425499,2.0,28.207885304659502,106.06858800216177
2017-03-01,932165,experience,967647,35,80,425499,2.0,28.207885304659502,106.06858800216177
2017-03-01,20980002,entertainment,21716035,40,59,425499,2.0,28.207885304659502,106.06858800216177
2017-03-01,424131,in_room_service,396887,17,73,425499,2.0,28.207885304659502,106.06858800216177
2017-04-01,624708,rental,577646,8,25,477464,0.0,28.075925925925922,106.67999999999999
2017-04-01,672100,experience,650892,22,31,477464,0.0,28.075925925925922,106.67999999999999
2017-04-01,9400000,entertainment,9273759,19,57,477464,0.0,28.075925925925922,106.67999999999999
2017-04-01,395975,in_room_service,404153,6,47,477464,0.0,28.075925925925922,106.67999999999999
2017-05-01,458844,rental,432738,24,40,489376,2.0,27.863799283154123,35.20258800216177
2017-05-01,632030,experience,606461,15,42,489376,2.0,27.863799283154123,35.20258800216177
2017-05-01,904839,entertainment,805843,35,83,489376,2.0,27.863799283154123,35.20258800216177
2017-05-01,308098,in_room_service,291186,6,23,489376,2.0,27.863799283154123,35.20258800216177
2017-06-01,6100677,rental,5681470,16,83,504141,23.0,26.955555555555552,91.948
2017-06-01,480992,experience,411053,35,21,504141,23.0,26.955555555555552,91.948
2017-06-01,13284000,entertainment,11655104,29,34,504141,23.0,26.955555555555552,91.948
2017-06-01,803128,in_room_service,764389,11,32,504141,23.0,26.955555555555552,91.948
2017-07-01,1074460,rental,1122039,28,86,592046,10.0,26.58422939068101,34.46644100162133
2017-07-01,2694202,experience,2790594,10,50,592046,10.0,26.58422939068101,34.46644100162133
2017-07-01,11709677,entertainment,11619285,30,36,592046,10.0,26.58422939068101,34.46644100162133
2017-07-01,332262,in_room_service,303707,8,89,592046,10.0,26.58422939068101,34.46644100162133
2017-08-01,2788610,rental,2612181,28,94,601884,1.0,26.478494623655912,6.552294001080886
2017-08-01,2788610,experience,2244207,34,23,601884,1.0,26.478494623655912,6.552294001080886
2017-08-01,12120000,entertainment,10878764,27,64,601884,1.0,26.478494623655912,6.552294001080886
2017-08-01,510555,in_room_service,495437,6,99,601884,1.0,26.478494623655912,6.552294001080886
2017-09-01,1082748,rental,1123866,17,63,550520,0.0,27.03888888888889,3.530147000540443
2017-09-01,843700,experience,816763,34,24,550520,0.0,27.03888888888889,3.530147000540443
2017-09-01,3933333,entertainment,3702045,30,78,550520,0.0,27.03888888888889,3.530147000540443
2017-09-01,497075,in_room_service,520705,11,92,550520,0.0,27.03888888888889,3.530147000540443
2017-10-01,1906282,rental,1733622,22,20,465085,0.0,27.792114695340505,37.56614700054044
2017-10-01,1207986,experience,1231552,24,85,465085,0.0,27.792114695340505,37.56614700054044
2017-10-01,22988468,entertainment,22979912,21,22,465085,0.0,27.792114695340505,37.56614700054044
2017-10-01,666992,in_room_service,614438,16,20,465085,0.0,27.792114695340505,37.56614700054044
2017-11-01,1951741,rental,1919128,16,20,361006,0.0,27.75095785440613,258.06399999999996
2017-11-01,276043,experience,275911,30,39,361006,0.0,27.75095785440613,258.06399999999996
2017-11-01,8482759,entertainment,7643670,27,86,361006,0.0,27.75095785440613,258.06399999999996
2017-11-01,512853,in_room_service,532739,17,38,361006,0.0,27.75095785440613,258.06399999999996
2017-12-01,595467,rental,558157,8,81,315909,12.0,27.64259259259259,358.34229400108086
2017-12-01,981083,experience,827327,29,25,315909,12.0,27.64259259259259,358.34229400108086
2017-12-01,18670400,entertainment,15233414,29,89,315909,12.0,27.64259259259259,358.34229400108086
2017-12-01,541707,in_room_service,491417,15,34,315909,12.0,27.64259259259259,358.34229400108086
2018-02-01,692214,rental,694698,18,89,452423,0.0,27.636904761904766,216.86429400108085
2018-02-01,1031604,experience,952899,28,95,452423,0.0,27.636904761904766,216.86429400108085
2018-02-01,8571429,entertainment,8474538,40,76,452423,0.0,27.636904761904766,216.86429400108085
2018-02-01,518214,in_room_service,516117,19,72,452423,0.0,27.636904761904766,216.86429400108085
2018-03-01,685035,rental,667245,10,54,492678,2.0,28.304659498207887,86.08014700054045
2018-03-01,1231305,experience,1041365,15,92,492678,2.0,28.304659498207887,86.08014700054045
2018-03-01,10660645,entertainment,8625801,38,87,492678,2.0,28.304659498207887,86.08014700054045
2018-03-01,644525,in_room_service,596792,9,25,492678,2.0,28.304659498207887,86.08014700054045
2018-04-01,3323421,rental,3078225,23,77,516777,0.0,28.944444444444443,7.060294001080884
2018-04-01,1362900,experience,1315340,10,82,516777,0.0,28.944444444444443,7.060294001080884
2018-04-01,11800000,entertainment,9753129,21,50,516777,0.0,28.944444444444443,7.060294001080884
2018-04-01,713408,in_room_service,654078,7,91,516777,0.0,28.944444444444443,7.060294001080884
2018-05-01,787210,rental,775284,13,69,528512,2.0,27.804659498207887,0.508
2018-05-01,960939,experience,866543,26,81,528512,2.0,27.804659498207887,0.508
2018-05-01,11845161,entertainment,9579025,38,56,528512,2.0,27.804659498207887,0.508
2018-05-01,498977,in_room_service,481127,6,67,528512,2.0,27.804659498207887,0.508
2018-06-01,1647954,rental,1721128,17,29,544550,23.0,27.131481481481476,24.30644100162133
2018-06-01,1717207,experience,1738511,14,74,544550,23.0,27.131481481481476,24.30644100162133
2018-06-01,29730945,entertainment,30200263,17,38,544550,23.0,27.131481481481476,24.30644100162133
2018-06-01,862620,in_room_service,798967,11,21,544550,23.0,27.131481481481476,24.30644100162133
2018-07-01,2841158,rental,2724080,10,83,624366,10.0,26.419354838709676,14.172294001080886
2018-07-01,718779,experience,597668,17,78,624366,10.0,26.419354838709676,14.172294001080886
2018-07-01,12348387,entertainment,10840000,34,99,624366,10.0,26.419354838709676,14.172294001080886
2018-07-01,520176,in_room_service,482246,13,23,624366,10.0,26.419354838709676,14.172294001080886
2018-08-01,665758,rental,655223,14,77,573766,1.0,25.752688172043015,52.95673500270222
2018-08-01,840507,experience,839903,30,72,573766,1.0,25.752688172043015,52.95673500270222
2018-08-01,389388,entertainment,376295,31,63,573766,1.0,25.752688172043015,52.95673500270222
2018-08-01,436442,in_room_service,452009,19,79,573766,1.0,25.752688172043015,52.95673500270222
2018-09-01,731500,rental,661108,28,43,555903,0.0,26.6360153256705,6.552294001080886
2018-09-01,434500,experience,374729,29,39,555903,0.0,26.6360153256705,6.552294001080886
2018-09-01,2000000,entertainment,1993322,33,48,555903,0.0,26.6360153256705,6.552294001080886
2018-09-01,505500,in_room_service,469378,8,82,555903,0.0,26.6360153256705,6.552294001080886
2018-11-01,774583,rental,774094,16,39,406725,0.0,27.948148148148146,118.28644100162131
2018-11-01,925833,experience,875739,33,61,406725,0.0,27.948148148148146,118.28644100162131
2018-11-01,1379583,entertainment,1400726,27,47,406725,0.0,27.948148148148146,118.28644100162131
2018-11-01,604583,in_room_service,559189,14,21,406725,0.0,27.948148148148146,118.28644100162131
2018-12-01,1301946,rental,1172263,21,20,498819,12.0,28.340501792114694,40.84229400108088
2018-12-01,1234265,experience,1139911,23,85,498819,12.0,28.340501792114694,40.84229400108088
2018-12-01,11272258,entertainment,9855811,19,82,498819,12.0,28.340501792114694,40.84229400108088
2018-12-01,681502,in_room_service,678869,5,27,498819,12.0,28.340501792114694,40.84229400108088
2019-01-01,676742,rental,669248,26,66,455570,1.0,28.26702508960574,250.84858800216173
2019-01-01,1038606,experience,1032485,30,51,455570,1.0,28.26702508960574,250.84858800216173
2019-01-01,8992258,entertainment,8744564,12,40,455570,1.0,28.26702508960574,250.84858800216173
2019-01-01,378799,in_room_service,380863,8,91,455570,1.0,28.26702508960574,250.84858800216173
2019-02-01,672670,rental,644131,10,47,437456,0.0,28.424603174603174,125.42429400108087
2019-02-01,349152,experience,346339,16,28,437456,0.0,28.424603174603174,125.42429400108087
2019-02-01,3214286,entertainment,2633148,36,62,437456,0.0,28.424603174603174,125.42429400108087
2019-02-01,406205,in_room_service,389691,20,55,437456,0.0,28.424603174603174,125.42429400108087
2019-03-01,733390,rental,702356,13,75,449569,2.0,27.849462365591396,218.89629400108092
2019-03-01,840776,experience,802311,31,44,449569,2.0,27.849462365591396,218.89629400108092
2019-03-01,1513548,entertainment,1260962,12,71,449569,2.0,27.849462365591396,218.89629400108092
2019-03-01,382549,in_room_service,356805,9,43,449569,2.0,27.849462365591396,218.89629400108092
2019-04-01,668287,rental,693975,21,77,477069,0.0,28.337037037037035,47.98014700054044
2019-04-01,843700,experience,813507,31,53,477069,0.0,28.337037037037035,47.98014700054044
2019-04-01,10400000,entertainment,8800030,22,65,477069,0.0,28.337037037037035,47.98014700054044
2019-04-01,628767,in_room_service,645600,17,59,477069,0.0,28.337037037037035,47.98014700054044
2019-05-01,1517415,rental,1380818,19,61,486602,2.0,27.596774193548388,20.24244100162133
2019-05-01,467267,experience,392674,22,21,486602,2.0,27.596774193548388,20.24244100162133
2019-05-01,1974194,entertainment,1628823,28,25,486602,2.0,27.596774193548388,20.24244100162133
2019-05-01,498977,in_room_service,496089,8,46,486602,2.0,27.596774193548388,20.24244100162133
2019-06-01,1124230,rental,1152205,23,81,549516,23.0,26.451851851851853,3.530147000540443
2019-06-01,1589223,experience,1568275,15,40,549516,23.0,26.451851851851853,3.530147000540443
2019-06-01,14514000,entertainment,14176766,35,31,549516,23.0,26.451851851851853,3.530147000540443
2019-06-01,411835,in_room_service,383677,18,68,549516,23.0,26.451851851851853,3.530147000540443
2019-07-01,863101,rental,795698,28,22,604323,10.0,26.037634408602155,4.292147000540443
2019-07-01,1202389,experience,1071872,17,52,604323,10.0,26.037634408602155,4.292147000540443
2019-07-01,12987097,entertainment,11355594,36,96,604323,10.0,26.037634408602155,4.292147000540443
2019-07-01,368509,in_room_service,357698,14,56,604323,10.0,26.037634408602155,4.292147000540443
2019-08-01,963004,rental,996134,22,83,606412,1.0,25.702508960573475,19.506294001080885
2019-08-01,1305685,experience,1130771,16,74,606412,1.0,25.702508960573475,19.506294001080885
2019-08-01,11924516,entertainment,10702529,16,42,606412,1.0,25.702508960573475,19.506294001080885
2019-08-01,502320,in_room_service,519240,20,42,606412,1.0,25.702508960573475,19.506294001080885
2019-09-01,771100,rental,707923,25,63,590398,0.0,26.074074074074076,6.552294001080886
2019-09-01,1313950,experience,1125607,12,29,590398,0.0,26.074074074074076,6.552294001080886
2019-09-01,12000000,entertainment,10782880,26,44,590398,0.0,26.074074074074076,6.552294001080886
2019-09-01,340500,in_room_service,351611,18,73,590398,0.0,26.074074074074076,6.552294001080886
2019-10-01,1148276,rental,1115316,17,22,567967,0.0,27.424731182795703,1.016
2019-10-01,1093081,experience,1138314,12,20,567967,0.0,27.424731182795703,1.016
2019-10-01,11806452,entertainment,9594163,23,83,567967,0.0,27.424731182795703,1.016
2019-10-01,497347,in_room_service,465131,14,21,567967,0.0,27.424731182795703,1.016
2019-11-01,888048,rental,931856,13,75,497925,0.0,28.299999999999997,4.064
2019-11-01,1092483,experience,1129402,16,20,497925,0.0,28.299999999999997,4.064
2019-11-01,11800000,entertainment,10532080,33,34,497925,0.0,28.299999999999997,4.064
2019-11-01,713408,in_room_service,743201,15,24,497925,0.0,28.299999999999997,4.064
2019-12-01,873130,rental,912738,22,61,552403,12.0,29.191756272401435,89.154
2019-12-01,805966,experience,784808,14,24,552403,12.0,29.191756272401435,89.154
2019-12-01,3757419,entertainment,3141793,25,32,552403,12.0,29.191756272401435,89.154
2019-12-01,681502,in_room_service,660534,6,89,552403,12.0,29.191756272401435,89.154
2020-01-01,681831,rental,688456,13,89,536611,1.0,28.870967741935488,74.54673500270222
2020-01-01,649577,experience,560857,28,68,536611,1.0,28.870967741935488,74.54673500270222
2020-01-01,20366976,entertainment,18451326,13,98,536611,1.0,28.870967741935488,74.54673500270222
2020-01-01,590931,in_room_service,579472,17,63,536611,1.0,28.870967741935488,74.54673500270222
2020-02-01,3800690,rental,3862639,12,38,364639,0.0,28.58620689655172,151.07829400108088
2020-02-01,1904138,experience,1537057,25,34,364639,0.0,28.58620689655172,151.07829400108088
2020-02-01,8275862,entertainment,8197208,14,31,364639,0.0,28.58620689655172,151.07829400108088
2020-02-01,348621,in_room_service,323559,8,93,364639,0.0,28.58620689655172,151.07829400108088
2020-03-01,733390,rental,721266,24,98,167461,2.0,28.38172043010752,198.628
2020-03-01,528607,experience,543274,19,27,167461,2.0,28.38172043010752,198.628
2020-03-01,756774,entertainment,731195,37,43,167461,2.0,28.38172043010752,198.628
2020-03-01,549040,in_room_service,559619,20,41,167461,2.0,28.38172043010752,198.628
2020-04-01,681138,rental,687270,23,50,379,0.0,28.662962962962965,65.50614700054045
2020-04-01,651017,experience,521399,14,29,379,0.0,28.662962962962965,65.50614700054045
2020-04-01,10600000,entertainment,10838927,16,48,379,0.0,28.662962962962965,65.50614700054045
2020-04-01,640858,in_room_service,616598,11,26,379,0.0,28.662962962962965,65.50614700054045
2020-05-01,649855,rental,643343,18,29,36,2.0,28.10573476702509,143.12673500270222
2020-05-01,2452837,experience,2541905,15,80,36,2.0,28.10573476702509,143.12673500270222
2020-05-01,22214119,entertainment,22849454,36,34,36,2.0,28.10573476702509,143.12673500270222
2020-05-01,449080,in_room_service,462161,16,77,36,2.0,28.10573476702509,143.12673500270222
2020-06-01,866484,rental,891567,12,72,45,23.0,27.722222222222225,31.190294001080886
2020-06-01,932217,experience,963085,19,46,45,23.0,27.722222222222225,31.190294001080886
2020-06-01,1798701,entertainment,1851125,32,36,45,23.0,27.722222222222225,31.190294001080886
2020-06-01,369953,in_room_service,362217,12,29,45,23.0,27.722222222222225,31.190294001080886
2020-07-01,834529,rental,816082,13,39,16,10.0,26.973118279569892,16.634735002702215
2020-07-01,2988115,experience,2684617,25,59,16,10.0,26.973118279569892,16.634735002702215
2020-07-01,27061863,entertainment,26036608,20,88,16,10.0,26.973118279569892,16.634735002702215
2020-07-01,785178,in_room_service,722080,16,84,16,10.0,26.973118279569892,16.634735002702215
2020-08-01,778811,rental,753541,19,96,12,1.0,26.826164874551978,3.276147000540443
2020-08-01,1399860,experience,1449889,20,45,12,1.0,26.826164874551978,3.276147000540443
2020-08-01,12120000,entertainment,11718536,27,79,12,1.0,26.826164874551978,3.276147000540443
2020-08-01,732755,in_room_service,733443,17,27,12,1.0,26.826164874551978,3.276147000540443
2020-09-01,3267092,rental,3170133,8,25,8,0.0,27.4962962962963,14.62858800216177
2020-09-01,1270152,experience,1206502,33,93,8,0.0,27.4962962962963,14.62858800216177
2020-09-01,1933333,entertainment,1849710,13,79,8,0.0,27.4962962962963,14.62858800216177
2020-09-01,488650,in_room_service,444402,19,57,8,0.0,27.4962962962963,14.62858800216177
2020-10-01,2404742,rental,2516845,23,34,63,0.0,27.68100358422939,44.854588002161776
2020-10-01,967645,experience,1003748,10,29,63,0.0,27.68100358422939,44.854588002161776
2020-10-01,21778548,entertainment,19162704,33,44,63,0.0,27.68100358422939,44.854588002161776
2020-10-01,440274,in_room_service,459713,5,46,63,0.0,27.68100358422939,44.854588002161776
2020-11-01,2872788,rental,2692492,12,72,53,0.0,28.48333333333333,43.66214700054044
2020-11-01,729300,experience,691533,31,70,53,0.0,28.48333333333333,43.66214700054044
2020-11-01,10200000,entertainment,10328329,12,30,53,0.0,28.48333333333333,43.66214700054044
2020-11-01,289425,in_room_service,298545,6,83,53,0.0,28.48333333333333,43.66214700054044
2020-12-01,2244426,rental,2117675,23,90,150,12.0,27.872759856630825,187.0687350027022
2020-12-01,2244426,experience,1927026,15,91,150,12.0,27.872759856630825,187.0687350027022
2020-12-01,9754839,entertainment,8963405,18,96,150,12.0,27.872759856630825,187.0687350027022
2020-12-01,589761,in_room_service,599514,18,47,150,12.0,27.872759856630825,187.0687350027022
2021-02-01,839002,rental,768390,28,65,12,0.0,27.51851851851852,209.47244100162132
2021-02-01,451115,experience,384576,10,72,12,0.0,27.51851851851852,209.47244100162132
2021-02-01,16149062,entertainment,15974858,27,62,12,0.0,27.51851851851852,209.47244100162132
2021-02-01,468552,in_room_service,483635,10,86,12,0.0,27.51851851851852,209.47244100162132
2021-03-01,765276,rental,788937,24,99,3,2.0,27.720430107526887,232.78873500270223
2021-03-01,1140488,experience,1047161,15,90,3,2.0,27.720430107526887,232.78873500270223
2021-03-01,9476129,entertainment,9002922,12,94,3,2.0,27.720430107526887,232.78873500270223
2021-03-01,399182,in_room_service,373287,6,100,3,2.0,27.720430107526887,232.78873500270223
2021-04-01,1027693,rental,989889,12,69,9,0.0,28.12777777777778,65.12288200324267
2021-04-01,1347962,experience,1322472,26,66,9,0.0,28.12777777777778,65.12288200324267
2021-04-01,11200000,entertainment,9753464,37,58,9,0.0,28.12777777777778,65.12288200324267
2021-04-01,471800,in_room_service,453960,5,33,9,0.0,28.12777777777778,65.12288200324267
2021-05-01,826299,rental,818566,11,57,8,2.0,28.059139784946233,1.27
2021-05-01,1096665,experience,1030222,23,37,8,2.0,28.059139784946233,1.27
2021-05-01,11845161,entertainment,10295634,14,73,8,2.0,28.059139784946233,1.27
2021-05-01,498977,in_room_service,484518,16,93,8,2.0,28.059139784946233,1.27
2021-06-01,1268054,rental,1260247,14,58,1,23.0,27.672222222222224,35.02614700054044
2021-06-01,1569172,experience,1418857,35,73,1,23.0,27.672222222222224,35.02614700054044
2021-06-01,13038000,entertainment,11594401,36,36,1,23.0,27.672222222222224,35.02614700054044
2021-06-01,549226,in_room_service,494888,15,21,1,23.0,27.672222222222224,35.02614700054044
2021-07-01,778694,rental,813103,17,50,0,10.0,27.112903225806456,16.15258800216177
2021-07-01,1475419,experience,1221843,26,62,0,10.0,27.112903225806456,16.15258800216177
2021-07-01,12774194,entertainment,11591961,23,73,0,10.0,27.112903225806456,16.15258800216177
2021-07-01,538113,in_room_service,533576,9,56,0,10.0,27.112903225806456,16.15258800216177
2021-08-01,5117230,rental,4717260,22,62,0,1.0,27.173835125448036,34.518147000540445
2021-08-01,740517,experience,648324,23,43,0,1.0,27.173835125448036,34.518147000540445
2021-08-01,23218352,entertainment,18673809,12,100,0,1.0,27.173835125448036,34.518147000540445
2021-08-01,673662,in_room_service,633498,12,30,0,1.0,27.173835125448036,34.518147000540445
2021-09-01,2438883,rental,2532718,25,29,0,0.0,27.507407407407406,88.34029400108088
2021-09-01,617008,experience,506250,31,41,0,0.0,27.507407407407406,88.34029400108088
2021-09-01,10600000,entertainment,8651755,38,73,0,0.0,27.507407407407406,88.34029400108088
2021-09-01,640858,in_room_service,601043,8,36,0,0.0,27.507407407407406,88.34029400108088
2021-10-01,2360210,rental,2331185,20,72,2,0.0,27.571684587813618,63.65058800216177
2021-10-01,733452,experience,660115,27,22,2,0.0,27.571684587813618,63.65058800216177
2021-10-01,10258065,entertainment,10052511,13,23,2,0.0,27.571684587813618,63.65058800216177
2021-10-01,432121,in_room_service,407796,8,35,2,0.0,27.571684587813618,63.65058800216177
2021-11-01,970200,rental,887581,13,35,6,0.0,27.583333333333336,247.85229400108088
2021-11-01,1932700,experience,1976409,28,47,6,0.0,27.583333333333336,247.85229400108088
2021-11-01,8400000,entertainment,8588546,26,95,6,0.0,27.583333333333336,247.85229400108088
2021-11-01,507850,in_room_service,488785,5,51,6,0.0,27.583333333333336,247.85229400108088
2021-12-01,755594,rental,708590,14,45,0,12.0,28.127240143369175,284.7081470005404
2021-12-01,903135,experience,741694,17,29,0,12.0,28.127240143369175,284.7081470005404
2021-12-01,1625806,entertainment,1528069,33,59,0,12.0,28.127240143369175,284.7081470005404
2021-12-01,589761,in_room_service,588602,20,57,0,12.0,28.127240143369175,284.7081470005404
2022-01-01,540143,rental,546112,12,97,3,1.0,27.738351254480293,302.9961470005404
2022-01-01,558636,experience,525689,12,38,3,1.0,27.738351254480293,302.9961470005404
2022-01-01,17515599,entertainment,17469101,26,71,3,1.0,27.738351254480293,302.9961470005404
2022-01-01,354095,in_room_service,348641,7,94,3,1.0,27.738351254480293,302.9961470005404
2022-02-01,550786,rental,497764,25,25,1310,0.0,27.875,162.4824410016213
2022-02-01,1972143,experience,1780581,24,68,1310,0.0,27.875,162.4824410016213
2022-02-01,322143,entertainment,262621,23,21,1310,0.0,27.875,162.4824410016213
2022-02-01,518214,in_room_service,475976,8,24,1310,0.0,27.875,162.4824410016213
2022-03-01,2668912,rental,2411290,23,77,14620,2.0,28.24372759856631,93.59673500270222
2022-03-01,677543,experience,624181,35,72,14620,2.0,28.24372759856631,93.59673500270222
2022-03-01,9476129,entertainment,8391737,37,31,14620,2.0,28.24372759856631,93.59673500270222
2022-03-01,572911,in_room_service,586405,8,45,14620,2.0,28.24372759856631,93.59673500270222
2022-04-01,762758,rental,746979,8,58,58335,0.0,28.261111111111106,80.49214700054044
2022-04-01,981383,experience,907505,17,28,58335,0.0,28.261111111111106,80.49214700054044
2022-04-01,976525,entertainment,807024,31,81,58335,0.0,28.261111111111106,80.49214700054044
2022-04-01,640858,in_room_service,591945,5,39,58335,0.0,28.261111111111106,80.49214700054044
2022-05-01,1029528,rental,973517,14,51,115611,2.0,28.468518518518522,126.10873500270222
2022-05-01,2581535,experience,2511535,15,86,115611,2.0,28.468518518518522,126.10873500270222
2022-05-01,23379675,entertainment,21183829,37,66,115611,2.0,28.468518518518522,126.10873500270222
2022-05-01,678342,in_room_service,640159,5,64,115611,2.0,28.468518518518522,126.10873500270222
2022-06-01,1384841,rental,1276232,13,25,181625,23.0,27.937037037037033,45.87058800216177
2022-06-01,1539565,experience,1353249,19,33,181625,23.0,27.937037037037033,45.87058800216177
2022-06-01,12792000,entertainment,11467522,27,53,181625,23.0,27.937037037037033,45.87058800216177
2022-06-01,538863,in_room_service,502053,5,48,181625,23.0,27.937037037037033,45.87058800216177
2022-07-01,2207274,rental,2106535,22,80,246504,10.0,26.942652329749105,8.102147000540443
2022-07-01,743565,experience,763881,13,41,246504,10.0,26.942652329749105,8.102147000540443
2022-07-01,12774194,entertainment,11164019,38,79,246504,10.0,26.942652329749105,8.102147000540443
2022-07-01,362468,in_room_service,352278,16,84,246504,10.0,26.942652329749105,8.102147000540443
2022-08-01,3193319,rental,3259767,24,94,276659,1.0,26.99820788530466,30.096735002702214
2022-08-01,1364579,experience,1274909,25,96,276659,1.0,26.99820788530466,30.096735002702214
2022-08-01,23625692,entertainment,21015947,38,49,276659,1.0,26.99820788530466,30.096735002702214
2022-08-01,685480,in_room_service,620071,17,72,276659,1.0,26.99820788530466,30.096735002702214
2022-09-01,5051750,rental,4991572,20,60,291162,0.0,27.268518518518515,22.528441001621328
2022-09-01,640292,experience,559457,12,85,291162,0.0,27.268518518518515,22.528441001621328
2022-09-01,1517542,entertainment,1373834,36,21,291162,0.0,27.268518518518515,22.528441001621328
2022-09-01,463375,in_room_service,475216,7,65,291162,0.0,27.268518518518515,22.528441001621328
2022-11-01,758472,rental,786457,17,93,287398,2.0,27.787037037037035,161.21244100162133
2022-11-01,601392,experience,590190,22,56,287398,2.0,27.787037037037035,161.21244100162133
2022-11-01,20404080,entertainment,17950122,24,98,287398,2.0,27.787037037037035,161.21244100162133
2022-11-01,592008,in_room_service,564679,18,58,287398,2.0,27.787037037037035,161.21244100162133
2022-12-01,857810,rental,856104,10,35,377276,12.0,27.713261648745522,214.8581470005404
2022-12-01,1278390,experience,1096883,16,21,377276,12.0,27.713261648745522,214.8581470005404
2022-12-01,10621935,entertainment,9952636,12,27,377276,12.0,27.713261648745522,214.8581470005404
2022-12-01,301397,in_room_service,285443,5,52,377276,12.0,27.713261648745522,214.8581470005404
2023-01-01,1476734,rental,1471481,14,78,331785,1.0,27.82258064516129,152.146
2023-01-01,1844081,experience,1565414,12,80,331785,1.0,27.82258064516129,152.146
2023-01-01,8014839,entertainment,8052223,20,20,331785,1.0,27.82258064516129,152.146
2023-01-01,337625,in_room_service,342872,20,56,331785,1.0,27.82258064516129,152.146
2023-02-01,485507,rental,442507,14,80,323510,0.0,27.545267489711932,167.61414700054044
2023-02-01,909339,experience,764845,19,71,323510,0.0,27.545267489711932,167.61414700054044
2023-02-01,7555556,entertainment,7578122,35,58,323510,0.0,27.545267489711932,167.61414700054044
2023-02-01,456796,in_room_service,454376,9,44,323510,0.0,27.545267489711932,167.61414700054044
2023-03-01,1416254,rental,1393994,13,33,370695,2.0,28.164874551971323,57.63214700054044
2023-03-01,1023554,experience,948483,32,39,370695,2.0,28.164874551971323,57.63214700054044
2023-03-01,11055484,entertainment,10011647,30,93,370695,2.0,28.164874551971323,57.63214700054044
2023-03-01,313699,in_room_service,317088,18,66,370695,2.0,28.164874551971323,57.63214700054044
2023-04-01,1281042,rental,1207195,16,57,411510,0.0,27.835185185185182,88.06044100162133
2023-04-01,1155000,experience,1058917,32,28,411510,0.0,27.835185185185182,88.06044100162133
2023-04-01,10000000,entertainment,10226888,40,94,411510,0.0,27.835185185185182,88.06044100162133
2023-04-01,604583,in_room_service,581514,5,84,411510,0.0,27.835185185185182,88.06044100162133
2023-05-01,812527,rental,740328,24,76,439475,2.0,27.70609318996416,8.076294001080885
2023-05-01,1401849,experience,1291740,34,27,439475,2.0,27.70609318996416,8.076294001080885
2023-05-01,24270982,entertainment,21647690,13,80,439475,2.0,27.70609318996416,8.076294001080885
2023-05-01,704203,in_room_service,641164,6,67,439475,2.0,27.70609318996416,8.076294001080885
2023-06-01,4018523,rental,3959738,14,65,478198,23.0,27.10555555555555,11.937999999999999
2023-06-01,830516,experience,808025,30,34,478198,23.0,27.10555555555555,11.937999999999999
2023-06-01,4761945,entertainment,4356882,36,60,478198,23.0,27.10555555555555,11.937999999999999
2023-06-01,601040,in_room_service,542323,6,33,478198,23.0,27.10555555555555,11.937999999999999
2023-07-01,5475445,rental,5553348,22,87,541353,10.0,26.424731182795696,124.15429400108088
2023-07-01,1305473,experience,1198740,30,74,541353,10.0,26.424731182795696,124.15429400108088
2023-07-01,993548,entertainment,864796,33,58,541353,10.0,26.424731182795696,124.15429400108088
2023-07-01,720819,in_room_service,671762,6,28,541353,10.0,26.424731182795696,124.15429400108088
2023-08-01,752851,rental,735457,16,91,522141,1.0,26.318518518518513,20.77629400108089
2023-08-01,778626,experience,666653,32,60,522141,1.0,26.318518518518513,20.77629400108089
2023-08-01,11716000,entertainment,10807050,28,77,522141,1.0,26.318518518518513,20.77629400108089
2023-08-01,708330,in_room_service,660499,8,36,522141,1.0,26.318518518518513,20.77629400108089
2023-11-01,2530917,rental,2487137,24,70,403154,0.0,28.659259259259255,24.28058800216177
2023-11-01,1270500,experience,1105901,10,52,403154,0.0,28.659259259259255,24.28058800216177
2023-11-01,11000000,entertainment,11372894,26,61,403154,0.0,28.659259259259255,24.28058800216177
2023-11-01,463375,in_room_service,465809,17,94,403154,0.0,28.659259259259255,24.28058800216177
2023-12-01,897274,rental,846132,24,82,481646,12.0,28.483870967741936,49.50414700054044
2023-12-01,967219,experience,958951,23,25,481646,12.0,28.483870967741936,49.50414700054044
2023-12-01,3979161,entertainment,3282843,13,21,481646,12.0,28.483870967741936,49.50414700054044
2023-12-01,502239,in_room_service,472652,6,96,481646,12.0,28.483870967741936,49.50414700054044
2024-01-01,988647,rental,1036200,19,74,420037,1.0,28.928315412186375,107.61844100162132
2024-01-01,675560,experience,686714,24,83,420037,1.0,28.928315412186375,107.61844100162132
2024-01-01,10165161,entertainment,10048509,25,36,420037,1.0,28.928315412186375,107.61844100162132
2024-01-01,614569,in_room_service,610985,19,54,420037,1.0,28.928315412186375,107.61844100162132
2024-02-01,649474,rental,653530,8,76,455277,0.0,29.024904214559385,58.316588002161765
2024-02-01,2142155,experience,2021183,26,76,455277,0.0,29.024904214559385,58.316588002161765
2024-02-01,3107328,entertainment,3101479,21,89,455277,0.0,29.024904214559385,58.316588002161765
2024-02-01,562888,in_room_service,549981,12,42,455277,0.0,29.024904214559385,58.316588002161765
2024-03-01,611739,rental,584151,28,84,469227,2.0,28.940329218107,288.26414700054045
2024-03-01,1145768,experience,963050,23,100,469227,2.0,28.940329218107,288.26414700054045
2024-03-01,9520000,entertainment,8161040,24,67,469227,2.0,28.940329218107,288.26414700054045
2024-03-01,401030,in_room_service,388618,17,37,469227,2.0,28.940329218107,288.26414700054045
2024-04-01,1113514,rental,1112591,19,53,503194,0.0,28.77976190476191,76.04488200324265
2024-04-01,1237924,experience,1223332,17,31,503194,0.0,28.77976190476191,76.04488200324265
2024-04-01,763714,entertainment,729545,24,24,503194,0.0,28.77976190476191,76.04488200324265
2024-04-01,621857,in_room_service,562369,5,59,503194,0.0,28.77976190476191,76.04488200324265
2024-05-01,955533,rental,881621,10,93,544601,2.0,28.305555555555557,4.2921470005404405
2024-05-01,1424026,experience,1409712,32,97,544601,2.0,28.305555555555557,4.2921470005404405
2024-05-01,11832000,entertainment,10769714,15,24,544601,2.0,28.305555555555557,4.2921470005404405
2024-05-01,715343,in_room_service,750887,20,20,544601,2.0,28.305555555555557,4.2921470005404405
2024-06-01,1264063,rental,1242457,9,51,520898,23.0,27.48703703703704,37.54029400108089
2024-06-01,1117578,experience,1077184,16,95,520898,23.0,27.48703703703704,37.54029400108089
2024-06-01,13776000,entertainment,12672353,29,78,520898,23.0,27.48703703703704,37.54029400108089
2024-06-01,580314,in_room_service,553129,19,81,520898,23.0,27.48703703703704,37.54029400108089
2024-07-01,997235,rental,975273,18,97,625665,10.0,26.89068100358423,56.616147000540444
2024-07-01,1352097,experience,1147170,22,100,625665,10.0,26.89068100358423,56.616147000540444
2024-07-01,12348387,entertainment,9917344,27,66,625665,10.0,26.89068100358423,56.616147000540444
2024-07-01,746563,in_room_service,759958,16,22,625665,10.0,26.89068100358423,56.616147000540444
2024-08-01,1312091,rental,1290130,24,26,616641,1.0,26.742592592592594,9.828441001621327
2024-08-01,1458687,experience,1401116,12,46,616641,1.0,26.742592592592594,9.828441001621327
2024-08-01,12120000,entertainment,10613758,17,87,616641,1.0,26.742592592592594,9.828441001621327
2024-08-01,732755,in_room_service,725920,14,24,616641,1.0,26.742592592592594,9.828441001621327
2024-09-01,451229,rental,443248,8,47,593909,0.0,27.738888888888894,16.992147000540445
2024-09-01,1270500,experience,1331807,28,62,593909,0.0,27.738888888888894,16.992147000540445
2024-09-01,11000000,entertainment,9530996,21,81,593909,0.0,27.738888888888894,16.992147000540445
2024-09-01,665042,in_room_service,617187,19,96,593909,0.0,27.738888888888894,16.992147000540445
2024-10-01,1508782,rental,1520029,21,77,559911,0.0,28.528806584362137,6.578147000540442
2024-10-01,1417500,experience,1321755,11,65,559911,0.0,28.528806584362137,6.578147000540442
2024-10-01,1624843,entertainment,1485767,14,99,559911,0.0,28.528806584362137,6.578147000540442
2024-10-01,334194,in_room_service,306036,10,82,559911,0.0,28.528806584362137,6.578147000540442
2024-11-01,1621400,rental,1660182,11,73,472900,0.0,29.42222222222223,81.28
2024-11-01,1016400,experience,997219,34,91,472900,0.0,29.42222222222223,81.28
2024-11-01,18337000,entertainment,18567157,30,76,472900,0.0,29.42222222222223,81.28
2024-11-01,532033,in_room_service,483470,9,39,472900,0.0,29.42222222222223,81.28
2025-01-01,632464,rental,619375,13,24,529897,1.0,27.435483870967744,333.9841470005404
2025-01-01,1754126,experience,1766499,12,62,529897,1.0,27.435483870967744,333.9841470005404
2025-01-01,2544467,entertainment,2126031,29,50,529897,1.0,27.435483870967744,333.9841470005404
2025-01-01,321156,in_room_service,332290,12,57,529897,1.0,27.435483870967744,333.9841470005404
2025-02-01,1258911,rental,1315312,15,59,450697,0.0,28.19246031746032,268.73199999999997
2025-02-01,424089,experience,436588,32,72,450697,0.0,28.19246031746032,268.73199999999997
2025-02-01,607143,entertainment,545329,35,64,450697,0.0,28.19246031746032,268.73199999999997
2025-02-01,440482,in_room_service,416600,9,78,450697,0.0,28.19246031746032,268.73199999999997
2025-03-01,698300,rental,697317,10,99,470851,2.0,28.376344086021504,205.94229400108085
2025-03-01,752735,experience,603553,20,21,470851,2.0,28.376344086021504,205.94229400108085
2025-03-01,9278710,entertainment,8390639,32,56,470851,2.0,28.376344086021504,205.94229400108085
2025-03-01,390866,in_room_service,366797,5,85,470851,2.0,28.376344086021504,205.94229400108085
2025-04-01,2438883,rental,2369109,25,20,591221,0.0,28.137037037037043,103.95902900378309
2025-04-01,651017,experience,534207,17,29,591221,0.0,28.137037037037043,103.95902900378309
2025-04-01,10600000,entertainment,9303933,19,57,591221,0.0,28.137037037037043,103.95902900378309
2025-04-01,446525,in_room_service,421231,6,20,591221,0.0,28.137037037037043,103.95902900378309
2025-05-01,860936,rental,814850,13,53,602213,2.0,28.218637992831546,104.5187350027022
2025-05-01,864845,experience,858431,18,92,602213,2.0,28.218637992831546,104.5187350027022
2025-05-01,22214119,entertainment,22181865,33,36,602213,2.0,28.218637992831546,104.5187350027022
2025-05-01,644525,in_room_service,674234,20,48,602213,2.0,28.218637992831546,104.5187350027022
2025-06-01,882832,rental,890652,19,51,637868,23.0,27.740740740740744,97.20444100162132
2025-06-01,1534302,experience,1448823,34,100,637868,23.0,27.740740740740744,97.20444100162132
2025-06-01,13284000,entertainment,11983073,19,30,637868,23.0,27.740740740740744,97.20444100162132
2025-06-01,559588,in_room_service,559969,8,56,637868,23.0,27.740740740740744,97.20444100162132
2025-07-01,865228,rental,803171,20,33,697107,10.0,26.704301075268816,82.55
2025-07-01,1383680,experience,1389164,14,41,697107,10.0,26.704301075268816,82.55
2025-07-01,23956403,entertainment,24749341,13,66,697107,10.0,26.704301075268816,82.55
2025-07-01,326221,in_room_service,312245,15,32,697107,10.0,26.704301075268816,82.55
2025-08-01,3271316,rental,3229114,9,87,682866,1.0,27.085648148148145,9.372147000540442
2025-08-01,2672418,experience,2313209,29,93,682866,1.0,27.085648148148145,9.372147000540442
2025-08-01,11615000,entertainment,10315878,30,71,682866,1.0,27.085648148148145,9.372147000540442
2025-08-01,702224,in_room_service,655346,17,22,682866,1.0,27.085648148148145,9.372147000540442
